IP Address,Login Source,Login Date & Time
91.155.239.51,Web,"Dec 7, 2014, 6:26:44 AM"
85.76.40.215,Web,"Dec 19, 2016, 7:27:31 PM"
87.92.44.239,Web,"May 15, 2018, 10:42:11 AM"
85.76.3.81,Web,"Sep 1, 2016, 6:42:26 AM"
85.76.48.162,Web,"Dec 26, 2016, 1:19:55 PM"
85.76.34.18,Web,"Mar 29, 2018, 2:26:38 PM"
85.76.50.149,Web,"May 24, 2017, 10:59:08 AM"
85.76.118.94,Web,"Feb 13, 2017, 11:07:58 AM"
85.76.81.69,Web,"Jun 27, 2016, 1:30:09 PM"
85.76.48.96,Web,"May 18, 2017, 11:18:26 AM"
85.76.19.21,Web,"Feb 27, 2016, 5:47:06 AM"
91.155.239.51,Web,"Nov 6, 2014, 8:14:25 PM"
84.253.235.201,Web,"Apr 20, 2019, 1:27:17 PM"
85.76.12.235,Web,"Jun 25, 2017, 5:40:30 PM"
85.76.105.27,Web,"Jan 18, 2017, 9:37:49 PM"
85.76.51.102,Web,"Aug 17, 2015, 8:39:42 PM"
84.253.235.201,Web,"Apr 5, 2019, 3:27:28 PM"
87.92.44.239,Web,"Jun 14, 2018, 1:04:23 PM"
109.240.229.157,Web,"Jun 11, 2019, 5:27:03 PM"
84.253.235.201,Web,"Apr 20, 2019, 1:27:21 PM"
85.76.6.31,Web,"Jan 15, 2018, 12:10:14 AM"
85.76.0.58,Web,"Jul 28, 2016, 5:12:48 PM"
91.155.239.51,Web,"Nov 7, 2014, 10:26:07 AM"
84.253.235.201,Web,"Apr 6, 2019, 10:02:27 AM"
85.59.105.156,Web,"Nov 12, 2015, 5:36:56 PM"
85.76.142.136,Web,"May 24, 2016, 3:35:30 PM"
87.92.44.239,Web,"Sep 15, 2018, 11:36:21 AM"
85.76.38.48,Web,"Nov 13, 2016, 9:40:53 AM"
87.100.214.114,Web,"Apr 8, 2018, 6:07:39 PM"
85.76.46.252,Web,"Mar 17, 2017, 6:45:53 AM"
109.240.28.61,Web,"Oct 22, 2018, 2:23:23 PM"
85.76.112.128,Web,"Nov 23, 2015, 8:50:57 PM"
78.27.102.117,Web,"Jan 19, 2019, 3:55:40 PM"
85.76.47.94,Web,"Nov 13, 2017, 2:28:55 PM"
85.76.134.77,Web,"Nov 10, 2016, 5:44:12 AM"
78.27.102.117,Web,"Jan 10, 2019, 7:06:45 PM"
85.59.105.156,Web,"Oct 29, 2015, 5:34:13 PM"
87.92.44.239,Web,"Sep 18, 2018, 10:05:17 PM"
87.217.157.41,Web,"May 6, 2015, 11:41:43 AM"
84.253.235.201,Web,"Apr 6, 2019, 10:02:19 AM"
84.253.235.201,Web,"Feb 14, 2019, 8:04:17 PM"
85.59.105.156,Web,"Sep 25, 2015, 2:35:02 PM"
84.253.235.201,Web,"Apr 21, 2019, 12:41:05 PM"
78.27.102.117,Web,"Jan 8, 2019, 6:47:15 PM"
85.76.46.31,Web,"Nov 11, 2017, 3:54:56 PM"
85.76.163.100,Web,"Jun 2, 2016, 4:26:09 PM"
85.76.109.34,Web,"Feb 28, 2017, 11:35:54 PM"
85.76.10.21,Web,"Feb 21, 2018, 1:43:52 PM"
85.76.18.117,Web,"Jan 30, 2018, 3:08:06 PM"
78.27.102.117,Web,"Jan 11, 2019, 4:11:10 PM"
85.76.10.21,Web,"Feb 21, 2018, 1:43:55 PM"
78.27.102.117,Web,"Nov 5, 2018, 9:01:49 PM"
85.76.49.90,Web,"Oct 18, 2017, 5:45:23 PM"
85.76.134.77,Web,"Nov 8, 2016, 8:21:21 PM"
109.240.28.61,Web,"Oct 22, 2018, 12:21:01 PM"
84.253.235.201,Web,"Apr 3, 2019, 5:58:44 PM"
85.76.11.207,Web,"Aug 22, 2015, 2:34:29 PM"
85.76.82.122,Web,"May 20, 2016, 2:42:47 PM"
85.76.47.175,Web,"Sep 13, 2015, 9:04:53 AM"
109.240.105.207,Web,"Oct 6, 2018, 1:48:19 PM"
85.76.18.117,Web,"Jan 30, 2018, 3:10:20 PM"
85.76.47.94,Web,"Nov 12, 2017, 6:23:19 PM"
78.27.102.117,Web,"Jan 9, 2019, 8:58:31 AM"
85.76.102.232,Web,"Jun 22, 2016, 6:54:31 AM"
85.59.105.156,Web,"Oct 13, 2015, 7:38:14 PM"
85.76.119.250,Web,"May 23, 2017, 2:40:18 AM"
85.76.3.81,Web,"Sep 2, 2016, 4:02:21 PM"
85.76.98.80,Web,"Aug 29, 2016, 2:18:20 PM"
85.76.36.199,Web,"Jun 2, 2016, 3:43:21 PM"
188.238.228.180,Web,"Jul 16, 2018, 11:42:47 AM"
85.76.137.171,Web,"Apr 23, 2016, 9:16:35 PM"
85.76.106.158,Web,"Jan 13, 2017, 7:21:19 PM"
78.27.102.117,Web,"Jan 10, 2019, 6:10:41 AM"
78.27.102.117,Web,"Dec 7, 2018, 6:42:54 PM"
85.76.43.248,Web,"Nov 11, 2017, 5:23:09 PM"
91.155.228.191,Web,"Jan 7, 2015, 5:01:50 PM"
85.76.48.125,Web,"Nov 7, 2017, 1:20:38 AM"
85.76.18.117,Web,"Jan 30, 2018, 12:36:57 PM"
85.76.4.246,Web,"Sep 7, 2015, 7:46:31 PM"
84.253.235.201,Web,"Apr 21, 2019, 12:41:00 PM"
85.76.98.80,Web,"Aug 29, 2016, 12:36:25 PM"
85.76.6.31,Web,"Jan 14, 2018, 7:56:50 PM"
85.76.10.24,Web,"May 31, 2017, 10:40:34 PM"
85.76.143.102,Web,"Apr 3, 2016, 2:21:04 PM"
85.76.0.251,Web,"Dec 16, 2017, 11:21:12 AM"
85.76.111.185,Web,"Dec 4, 2016, 2:13:40 PM"
87.92.44.239,Web,"Jun 15, 2018, 11:18:06 AM"
91.155.228.191,Web,"Feb 26, 2015, 9:42:35 PM"
85.76.144.164,Web,"Oct 29, 2016, 3:51:59 PM"
87.92.44.239,Web,"Jul 17, 2018, 4:17:45 PM"
85.76.114.122,Web,"Jun 27, 2015, 6:36:07 PM"
85.76.19.21,Web,"Feb 25, 2016, 5:07:46 PM"
78.27.102.117,Web,"Jan 8, 2019, 2:43:39 AM"
85.76.3.125,Web,"Apr 2, 2018, 7:36:39 AM"
85.76.46.252,Web,"Mar 16, 2017, 3:08:06 PM"
85.76.51.110,Web,"Nov 21, 2017, 8:36:12 PM"
78.27.102.117,Web,"Nov 3, 2018, 5:28:05 PM"
188.238.201.195,Web,"Sep 1, 2018, 5:18:54 PM"
85.76.73.237,Web,"Jan 19, 2016, 4:09:39 PM"
85.76.47.94,Web,"Nov 13, 2017, 2:28:54 PM"
85.76.47.94,Web,"Nov 14, 2017, 1:54:20 PM"
85.76.130.111,Web,"Sep 21, 2016, 3:15:18 PM"
85.76.142.53,Web,"Oct 7, 2016, 7:47:50 PM"
85.76.36.199,Web,"Jun 2, 2016, 3:42:55 PM"
85.76.149.55,Web,"Apr 15, 2016, 4:45:50 PM"
91.155.228.191,Web,"Jul 3, 2015, 11:13:57 AM"
85.59.105.156,Web,"Oct 29, 2015, 5:22:58 PM"
85.76.2.255,Web,"Aug 29, 2017, 2:33:06 PM"
85.76.106.231,Web,"Apr 16, 2017, 12:40:06 PM"
85.76.17.80,Web,"Jan 8, 2016, 4:40:20 PM"
91.155.228.191,Web,"Jan 7, 2015, 5:44:32 PM"
84.253.235.201,Web,"Apr 5, 2019, 5:40:16 PM"
87.92.44.239,Web,"May 8, 2018, 2:53:19 PM"
85.76.48.96,Web,"May 19, 2017, 4:02:51 PM"
78.27.102.117,Web,"Jan 20, 2019, 12:04:59 PM"
85.76.70.153,Web,"Sep 8, 2015, 11:42:04 AM"
85.76.3.25,Web,"Jan 12, 2018, 2:06:58 PM"
85.76.119.250,Web,"May 22, 2017, 5:59:23 PM"
85.76.131.162,Web,"Sep 7, 2016, 1:49:35 PM"
85.76.112.233,Web,"Nov 19, 2016, 11:54:50 AM"
85.76.164.231,Web,"Oct 10, 2016, 12:50:35 PM"
85.76.142.146,Web,"Oct 1, 2016, 1:57:24 PM"
85.76.4.127,Web,"Jul 29, 2017, 4:48:24 PM"
85.76.0.78,Web,"Aug 8, 2017, 3:38:48 PM"
85.76.5.187,Web,"Oct 2, 2017, 11:29:21 AM"
85.76.6.10,Web,"May 3, 2016, 8:20:40 PM"
85.76.49.2,Web,"Apr 17, 2017, 12:33:50 PM"
85.76.12.45,Web,"Jul 20, 2016, 8:26:20 PM"
85.76.10.24,Web,"May 30, 2017, 4:34:36 PM"
85.59.105.156,Web,"Oct 14, 2015, 10:46:45 AM"
87.100.214.114,Web,"Mar 17, 2018, 6:49:44 PM"
85.76.143.102,Web,"Apr 3, 2016, 2:20:56 PM"
188.238.182.148,Web,"Aug 6, 2018, 4:41:59 AM"
87.92.44.239,Web,"Jun 15, 2018, 3:20:35 PM"
85.76.40.215,Web,"Dec 14, 2016, 6:03:28 PM"
85.76.46.142,Web,"Sep 9, 2015, 6:06:17 AM"
85.76.97.111,Web,"Feb 19, 2016, 6:56:35 PM"
85.76.78.138,Web,"Mar 21, 2016, 1:44:53 PM"
85.76.5.197,Web,"Dec 1, 2015, 5:34:50 PM"
85.76.97.152,Web,"Jun 30, 2016, 3:37:47 PM"
84.253.235.201,Web,"Apr 5, 2019, 3:27:35 PM"
87.92.44.239,Web,"Sep 21, 2018, 12:57:40 PM"
87.92.44.239,Web,"Jun 16, 2018, 9:06:32 AM"
87.92.44.239,Web,"Jun 7, 2018, 6:50:54 PM"
85.76.38.48,Web,"Nov 11, 2016, 6:03:12 PM"
93.106.228.234,Web,"Nov 23, 2018, 8:46:08 AM"
85.76.47.100,Web,"Sep 2, 2015, 4:39:00 PM"
84.253.235.201,Web,"Apr 5, 2019, 5:40:09 PM"
85.76.49.143,Web,"Dec 10, 2016, 11:33:05 AM"
85.76.143.108,Web,"Feb 19, 2016, 9:36:31 PM"
81.37.202.82,Web,"May 28, 2015, 10:42:09 AM"
188.238.128.97,Web,"Sep 13, 2018, 9:33:53 PM"
85.76.161.122,Web,"Mar 22, 2016, 7:58:59 PM"
85.76.52.27,Web,"Nov 19, 2015, 11:50:04 PM"
85.76.114.3,Web,"Dec 13, 2016, 6:20:34 PM"
87.92.44.239,Web,"May 10, 2018, 6:45:37 PM"
85.76.48.10,Web,"Jan 20, 2017, 11:00:00 PM"
85.76.12.15,Web,"Mar 4, 2017, 6:33:04 PM"
85.76.81.3,Web,"Apr 3, 2016, 4:48:26 PM"
87.92.44.239,Web,"Sep 16, 2018, 1:37:23 PM"
85.76.16.149,Web,"Feb 24, 2016, 10:12:03 AM"
87.92.44.239,Web,"Jun 30, 2018, 9:44:00 AM"
85.76.20.217,Web,"Mar 1, 2018, 6:51:33 PM"
87.100.214.114,Web,"Jan 30, 2018, 12:24:30 PM"
91.155.239.51,Web,"Nov 6, 2014, 6:25:54 PM"
85.76.7.17,Web,"Jan 8, 2018, 6:42:04 PM"
78.27.102.117,Web,"Oct 21, 2018, 1:51:57 PM"
78.27.102.117,Web,"Nov 19, 2018, 9:04:14 PM"
85.76.3.206,Web,"Jul 26, 2017, 3:47:45 AM"
85.59.105.156,Web,"Nov 7, 2015, 3:06:07 PM"
85.76.51.102,Web,"Aug 17, 2015, 8:40:37 PM"
78.27.102.117,Web,"Nov 5, 2018, 3:41:28 PM"
85.76.2.253,Web,"Feb 23, 2018, 2:54:47 PM"
78.27.102.117,Web,"Nov 6, 2018, 6:10:32 PM"
87.92.44.239,Web,"Sep 14, 2018, 4:43:48 PM"
87.92.44.239,Web,"Sep 21, 2018, 2:22:24 PM"
85.76.18.117,Web,"Jan 30, 2018, 4:06:58 PM"
85.76.69.75,Web,"Jun 19, 2016, 7:36:25 PM"
85.76.6.10,Web,"May 3, 2016, 2:33:21 PM"
87.92.44.239,Web,"Jul 1, 2018, 1:36:12 PM"
85.76.47.94,Web,"Nov 14, 2017, 6:36:53 PM"
85.76.2.253,Web,"Feb 22, 2018, 3:38:10 PM"
84.253.235.201,Web,"Apr 3, 2019, 5:57:31 PM"
85.76.118.94,Web,"Feb 12, 2017, 10:09:10 PM"
91.155.228.191,Web,"Apr 1, 2015, 10:47:24 PM"
85.76.142.136,Web,"May 25, 2016, 4:12:06 PM"
85.76.75.93,Web,"Jul 28, 2015, 5:35:13 PM"
85.76.3.89,Web,"Jun 9, 2018, 4:59:08 AM"
85.76.106.142,Web,"Jan 26, 2017, 2:41:12 AM"
87.92.44.239,Web,"Aug 17, 2018, 5:01:45 AM"
85.76.82.119,Web,"Jun 23, 2016, 7:02:33 PM"
85.76.8.122,Web,"Dec 15, 2017, 10:08:47 AM"
109.240.59.56,Web,"Jun 18, 2019, 1:14:21 PM"
109.240.59.56,Web,"Jun 19, 2019, 5:49:34 PM"
109.240.59.56,Web,"Jun 21, 2019, 6:13:04 AM"
109.240.59.56,Web,"Jun 23, 2019, 7:35:46 PM"
109.240.59.56,Web,"Jun 26, 2019, 9:50:35 PM"
109.240.59.56,Web,"Jun 28, 2019, 1:26:28 PM"
109.240.59.56,Web,"Jun 28, 2019, 6:44:07 PM"
46.132.47.49,Web,"Jun 29, 2019, 6:47:00 PM"
46.132.47.49,Web,"Jun 29, 2019, 10:01:34 PM"
46.132.47.49,Web,"Jun 30, 2019, 1:55:44 PM"
46.132.47.49,Web,"Jul 1, 2019, 2:57:08 PM"
46.132.47.49,Web,"Jul 1, 2019, 3:13:05 PM"
46.132.47.49,Web,"Jul 1, 2019, 4:44:52 PM"
109.240.69.184,Web,"Jul 3, 2019, 3:48:27 PM"
46.132.111.101,Web,"Jul 5, 2019, 1:34:57 PM"
46.132.111.101,Web,"Jul 6, 2019, 4:27:22 PM"
46.132.111.101,Web,"Jul 7, 2019, 4:14:13 PM"
85.131.119.67,Web,"Jul 8, 2019, 8:46:45 PM"
85.131.119.67,Web,"Jul 10, 2019, 2:11:07 PM"
85.131.119.67,Web,"Jul 11, 2019, 1:41:13 PM"
85.131.119.67,Web,"Jul 11, 2019, 2:40:36 PM"
85.131.119.67,Web,"Jul 12, 2019, 1:55:02 PM"
85.131.119.67,Web,"Jul 12, 2019, 8:05:53 PM"
109.240.150.203,Web,"Jul 14, 2019, 9:00:39 PM"
109.240.150.203,Web,"Jul 15, 2019, 2:30:19 PM"
46.132.71.196,Web,"Jul 17, 2019, 4:18:27 PM"
46.132.71.196,Web,"Jul 17, 2019, 5:52:50 PM"
46.132.71.196,Web,"Jul 17, 2019, 8:48:05 PM"
46.132.71.196,Web,"Jul 18, 2019, 7:28:57 AM"
46.132.71.196,Web,"Jul 18, 2019, 4:16:42 PM"
46.132.71.196,Web,"Jul 18, 2019, 7:40:05 PM"
109.240.125.152,Web,"Jul 19, 2019, 5:23:28 AM"
109.240.125.152,Web,"Jul 19, 2019, 8:55:47 AM"
109.240.125.152,Web,"Jul 19, 2019, 3:46:50 PM"
109.240.22.230,Web,"Jul 23, 2019, 6:47:35 PM"
109.240.22.230,Web,"Jul 23, 2019, 8:28:27 PM"
109.240.22.230,Web,"Jul 25, 2019, 1:03:00 PM"
109.240.22.230,Web,"Jul 25, 2019, 3:51:25 PM"
109.240.221.8,Web,"Aug 1, 2019, 7:38:06 PM"
85.131.119.67,Web,"Aug 4, 2019, 5:01:20 PM"
85.131.119.67,Web,"Aug 9, 2019, 12:18:47 PM"
109.240.188.139,Mobile,"Sep 2, 2019, 2:17:59 PM"
109.240.84.33,Web,"Sep 4, 2019, 2:51:03 PM"
109.240.84.33,Web,"Sep 5, 2019, 12:19:36 PM"
88.148.226.166,Web,"Feb 21, 2020, 12:06:43 AM"
88.148.226.166,Web,"Mar 15, 2020, 7:05:18 PM"
87.95.230.75,Web,"Apr 28, 2020, 11:46:35 PM"
46.132.6.65,Web,"Aug 1, 2020, 7:37:15 PM"
87.95.144.48,Web,"Oct 25, 2020, 9:50:42 PM"
85.23.72.88,Web,"Jan 5, 2021, 12:41:49 AM"
85.23.72.88,Web,"Jan 5, 2021, 12:42:14 AM"
85.23.72.88,Web,"Jan 6, 2021, 5:02:34 PM"
85.23.72.88,Web,"Apr 1, 2021, 5:34:50 PM"
85.23.77.185,Web,"May 15, 2021, 6:03:46 AM"
109.240.67.231,Web,"May 23, 2021, 12:59:57 PM"
109.240.67.231,Web,"May 25, 2021, 12:18:14 PM"
93.106.113.129,Web,"Jun 6, 2021, 7:34:33 PM"
46.132.110.174,Web,"Jul 13, 2021, 5:30:32 PM"
109.240.19.133,Web,"Jul 17, 2021, 10:17:20 AM"
46.132.102.68,Web,"Aug 12, 2021, 6:38:56 PM"
46.132.14.92,Web,"Aug 28, 2021, 1:22:13 PM"
85.23.69.48,Web,"Sep 5, 2021, 2:40:28 PM"
46.132.94.63,Web,"Sep 9, 2021, 8:29:55 PM"
46.132.94.63,Web,"Sep 13, 2021, 7:15:21 PM"
85.23.69.48,Web,"Sep 15, 2021, 6:40:29 PM"
46.132.12.50,Web,"Sep 28, 2021, 1:50:27 PM"
46.132.71.36,Web,"Oct 12, 2021, 4:57:19 PM"
85.23.69.48,Web,"Oct 18, 2021, 12:10:00 PM"
85.23.69.48,Web,"Oct 18, 2021, 12:49:21 PM"
85.23.69.48,Web,"Nov 25, 2021, 6:06:15 PM"
85.23.69.48,Web,"Dec 5, 2021, 5:08:07 PM"
85.23.69.48,Web,"Dec 11, 2021, 4:53:32 AM"
85.23.69.48,Web,"Dec 11, 2021, 7:54:44 AM"
87.95.8.42,Web,"Dec 21, 2021, 1:13:09 PM"
87.95.224.119,Web,"Jan 27, 2022, 4:10:29 PM"
87.95.224.119,Web,"Jan 27, 2022, 8:26:53 PM"
87.95.224.119,Web,"Jan 28, 2022, 4:39:09 PM"
87.95.224.119,Web,"Jan 28, 2022, 6:19:36 PM"
87.95.224.119,Web,"Jan 29, 2022, 5:30:01 AM"
87.95.224.119,Web,"Jan 29, 2022, 6:25:57 AM"
87.95.224.119,Web,"Jan 29, 2022, 9:45:57 AM"
87.95.224.119,Web,"Jan 29, 2022, 11:09:48 AM"
87.95.224.119,Web,"Jan 29, 2022, 12:32:22 PM"
87.95.224.119,Web,"Jan 29, 2022, 12:58:46 PM"
87.95.224.119,Web,"Jan 29, 2022, 6:25:33 PM"
87.95.224.119,Web,"Jan 30, 2022, 6:41:07 AM"
87.95.224.119,Web,"Jan 30, 2022, 7:28:53 AM"
87.95.224.119,Web,"Feb 1, 2022, 6:21:02 AM"
87.95.224.119,Web,"Feb 1, 2022, 6:46:51 AM"
87.95.224.119,Web,"Feb 5, 2022, 4:26:43 PM"
87.95.224.119,Web,"Feb 6, 2022, 8:48:06 AM"
87.95.224.119,Web,"Feb 6, 2022, 5:59:27 PM"
87.95.224.119,Web,"Feb 9, 2022, 8:01:28 PM"
87.95.224.119,Web,"Feb 10, 2022, 7:22:55 PM"
87.95.224.119,Web,"Feb 11, 2022, 7:26:34 PM"
87.95.224.119,Web,"Feb 12, 2022, 7:46:50 PM"
87.95.224.119,Web,"Mar 16, 2022, 11:49:22 AM"
87.95.224.119,Web,"Mar 17, 2022, 6:02:08 PM"
87.95.224.119,Web,"Mar 20, 2022, 3:41:25 PM"
87.95.224.119,Web,"Mar 23, 2022, 8:37:58 AM"
87.95.224.119,Web,"Apr 9, 2022, 5:38:13 PM"
87.95.224.119,Web,"Apr 12, 2022, 10:31:55 PM"
87.95.224.119,Web,"Apr 13, 2022, 6:48:48 PM"
87.95.224.119,Web,"Apr 15, 2022, 4:37:55 PM"
87.95.224.119,Web,"Apr 15, 2022, 11:01:15 PM"
87.95.224.119,Web,"Apr 16, 2022, 5:59:11 PM"
87.95.224.119,Web,"Apr 17, 2022, 11:53:09 AM"
87.95.224.119,Web,"Apr 17, 2022, 10:48:38 PM"
87.95.224.119,Web,"Apr 20, 2022, 6:42:13 PM"
87.95.224.119,Web,"Apr 20, 2022, 11:10:25 PM"
87.95.224.119,Web,"Apr 22, 2022, 8:35:07 PM"
87.95.224.119,Web,"Apr 23, 2022, 7:20:02 PM"
87.95.224.119,Web,"Apr 23, 2022, 11:41:47 PM"
87.95.224.119,Web,"Apr 24, 2022, 5:23:43 PM"
87.95.224.119,Web,"Apr 25, 2022, 11:21:31 AM"
87.95.224.119,Web,"Apr 26, 2022, 8:00:42 PM"
87.95.224.119,Web,"Apr 26, 2022, 8:27:29 PM"
87.95.224.119,Web,"Apr 27, 2022, 9:53:29 AM"
87.95.224.119,Web,"Apr 29, 2022, 7:14:14 PM"
87.95.224.119,Web,"Apr 30, 2022, 3:21:20 AM"
87.95.224.119,Web,"May 3, 2022, 7:03:20 PM"
87.95.224.119,Web,"May 10, 2022, 6:15:41 PM"
87.95.224.119,Web,"May 13, 2022, 12:29:45 PM"
87.95.224.119,Web,"May 14, 2022, 9:39:26 AM"
87.95.224.119,Web,"May 16, 2022, 2:20:51 PM"
87.95.224.119,Web,"May 17, 2022, 1:25:23 PM"
87.95.224.119,Web,"May 18, 2022, 12:31:53 PM"
37.33.176.105,Web,"May 21, 2022, 11:49:08 AM"
37.33.176.105,Web,"May 21, 2022, 12:41:00 PM"
87.95.224.119,Web,"May 23, 2022, 5:30:28 PM"
87.95.224.119,Web,"May 26, 2022, 7:53:15 PM"
37.33.172.190,Web,"Jun 1, 2022, 8:22:59 PM"
37.33.172.190,Web,"Jun 4, 2022, 5:26:31 PM"
176.93.136.6,Web,"Jun 5, 2022, 7:06:40 PM"
176.93.136.6,Web,"Jun 6, 2022, 5:44:55 PM"
176.93.136.6,Web,"Jun 7, 2022, 4:31:02 PM"
176.93.136.6,Web,"Jun 8, 2022, 3:25:38 PM"
176.93.136.6,Web,"Jun 9, 2022, 6:51:40 PM"
176.93.136.6,Web,"Jun 9, 2022, 10:44:20 PM"
176.93.136.6,Web,"Jun 12, 2022, 4:01:22 PM"
176.93.136.6,Web,"Jun 13, 2022, 5:37:02 PM"
176.93.136.6,Web,"Jun 13, 2022, 10:18:29 PM"
176.93.136.6,Web,"Jun 14, 2022, 10:04:06 AM"
176.93.136.6,Web,"Jun 14, 2022, 6:23:29 PM"
176.93.136.6,Web,"Jun 15, 2022, 6:20:02 PM"
176.93.136.6,Web,"Jun 17, 2022, 7:07:16 PM"
87.95.195.80,Web,"Jun 20, 2022, 8:16:05 PM"
87.95.195.80,Web,"Jun 21, 2022, 10:25:11 AM"
87.95.195.80,Web,"Jun 28, 2022, 5:24:01 PM"
87.95.28.3,Web,"Jun 30, 2022, 8:04:09 PM"
176.93.141.106,Web,"Jul 5, 2022, 3:53:26 PM"
176.93.141.106,Web,"Jul 5, 2022, 5:55:48 PM"
176.93.141.106,Web,"Jul 5, 2022, 9:01:58 PM"
87.95.93.237,Web,"Jul 6, 2022, 5:40:23 AM"
87.95.93.237,Web,"Jul 6, 2022, 6:31:14 PM"
37.33.160.147,Web,"Jul 7, 2022, 7:00:16 PM"
37.33.240.226,Web,"Jul 11, 2022, 9:44:14 PM"
37.33.240.226,Web,"Jul 12, 2022, 6:15:28 PM"
37.33.240.226,Web,"Jul 12, 2022, 6:30:23 PM"
37.33.240.226,Web,"Jul 12, 2022, 9:17:20 PM"
87.95.101.111,Web,"Jul 14, 2022, 6:36:59 PM"
87.95.101.111,Web,"Jul 15, 2022, 3:27:02 PM"
87.95.101.111,Web,"Jul 15, 2022, 8:52:07 PM"
87.95.101.111,Web,"Jul 16, 2022, 3:38:03 AM"
87.95.101.111,Web,"Jul 16, 2022, 6:34:49 PM"
87.95.101.111,Web,"Jul 17, 2022, 12:29:08 AM"
87.95.101.111,Web,"Jul 18, 2022, 1:02:31 AM"
87.95.101.111,Web,"Jul 18, 2022, 9:26:55 AM"
87.95.101.121,Web,"Jul 20, 2022, 3:50:13 PM"
87.95.70.17,Web,"Jul 20, 2022, 11:35:10 PM"
87.95.98.11,Web,"Jul 27, 2022, 4:05:53 PM"
87.95.98.11,Web,"Jul 28, 2022, 1:39:47 AM"
87.95.98.11,Web,"Jul 31, 2022, 5:41:31 PM"
87.95.195.80,Web,"Aug 1, 2022, 6:47:12 PM"
87.95.195.80,Web,"Aug 1, 2022, 10:59:21 PM"
87.95.195.80,Web,"Aug 2, 2022, 7:29:50 AM"
87.95.45.86,Web,"Aug 2, 2022, 5:36:38 PM"
87.95.101.67,Web,"Aug 3, 2022, 8:28:31 AM"
176.93.149.210,Web,"Aug 3, 2022, 5:42:15 PM"
87.95.195.80,Web,"Aug 3, 2022, 8:46:54 PM"
87.95.195.80,Web,"Aug 4, 2022, 4:15:17 PM"
87.95.32.86,Web,"Aug 5, 2022, 5:05:36 PM"
87.95.195.80,Web,"Aug 5, 2022, 10:14:17 PM"
87.95.195.80,Web,"Aug 6, 2022, 9:01:14 AM"
87.95.195.80,Web,"Aug 6, 2022, 2:45:47 PM"
87.95.195.80,Web,"Aug 7, 2022, 10:54:37 AM"
87.95.44.132,Web,"Aug 8, 2022, 5:54:08 PM"
87.95.65.143,Web,"Aug 10, 2022, 4:11:32 PM"
87.95.73.215,Web,"Aug 10, 2022, 6:19:24 PM"
87.95.73.215,Web,"Aug 11, 2022, 7:06:51 AM"
87.95.73.215,Web,"Aug 12, 2022, 6:08:42 PM"
87.95.73.215,Web,"Aug 12, 2022, 11:59:48 PM"
87.95.73.215,Web,"Aug 13, 2022, 11:13:35 AM"
87.95.73.185,Web,"Aug 15, 2022, 4:50:15 PM"
87.95.36.253,Web,"Aug 16, 2022, 6:21:56 AM"
87.95.36.253,Web,"Aug 16, 2022, 2:48:10 PM"
87.95.36.253,Web,"Aug 17, 2022, 10:38:12 AM"
87.95.36.253,Web,"Aug 18, 2022, 6:44:26 PM"
87.95.36.253,Web,"Aug 19, 2022, 1:30:39 PM"
87.95.36.253,Web,"Aug 20, 2022, 8:50:23 AM"
87.95.25.12,Web,"Aug 20, 2022, 2:41:36 PM"
176.93.141.208,Web,"Aug 21, 2022, 2:14:43 PM"
176.93.141.208,Web,"Aug 22, 2022, 8:33:17 AM"
87.95.25.227,Web,"Aug 23, 2022, 5:59:56 PM"
87.95.77.190,Web,"Aug 27, 2022, 5:16:47 PM"
87.95.77.190,Web,"Aug 28, 2022, 12:32:53 PM"
87.95.77.190,Web,"Aug 30, 2022, 4:53:05 PM"
87.95.77.190,Web,"Aug 31, 2022, 8:31:34 AM"
37.33.229.83,Web,"Sep 1, 2022, 5:33:55 PM"
87.95.96.85,Web,"Sep 3, 2022, 4:54:12 PM"
87.95.96.85,Web,"Sep 4, 2022, 2:56:38 PM"
87.95.96.85,Web,"Sep 5, 2022, 4:03:23 PM"
87.95.96.85,Web,"Sep 7, 2022, 5:44:39 PM"
87.95.25.227,Web,"Sep 8, 2022, 12:37:14 PM"
87.95.4.217,Web,"Sep 11, 2022, 4:22:11 PM"
37.33.133.45,Web,"Sep 12, 2022, 2:49:50 PM"
37.33.137.6,Web,"Sep 13, 2022, 9:24:44 AM"
87.95.98.23,Web,"Sep 14, 2022, 12:08:08 AM"
89.166.114.248,Web,"Sep 16, 2022, 11:01:22 PM"
89.166.114.248,Web,"Sep 18, 2022, 12:05:42 PM"
89.166.114.248,Web,"Sep 19, 2022, 12:21:19 PM"
89.166.114.248,Web,"Sep 20, 2022, 6:12:06 PM"
89.166.114.248,Web,"Sep 23, 2022, 1:38:01 PM"
89.166.114.248,Web,"Sep 26, 2022, 7:05:24 PM"
89.166.114.248,Web,"Oct 1, 2022, 5:39:15 PM"
89.166.114.248,Web,"Oct 1, 2022, 6:05:21 PM"
89.166.114.248,Web,"Oct 1, 2022, 7:44:42 PM"
89.166.114.248,Web,"Oct 2, 2022, 12:34:49 AM"
89.166.114.248,Web,"Oct 4, 2022, 5:37:57 PM"
89.166.114.248,Web,"Oct 5, 2022, 3:50:02 PM"
89.166.114.248,Web,"Oct 5, 2022, 6:22:08 PM"
89.166.114.248,Web,"Oct 7, 2022, 11:46:17 AM"
89.166.114.248,Web,"Oct 7, 2022, 8:50:58 PM"
89.166.114.248,Web,"Oct 8, 2022, 10:33:59 AM"
89.166.114.248,Web,"Oct 9, 2022, 1:06:35 PM"
89.166.114.248,Web,"Oct 9, 2022, 10:15:52 PM"
89.166.114.248,Web,"Oct 9, 2022, 10:18:23 PM"
89.166.114.248,Web,"Oct 10, 2022, 5:19:05 PM"
89.166.114.248,Web,"Oct 10, 2022, 9:38:32 PM"
89.166.114.248,Web,"Oct 11, 2022, 7:42:46 PM"
89.166.114.248,Web,"Oct 13, 2022, 6:30:06 PM"
89.166.114.248,Web,"Oct 14, 2022, 6:27:03 PM"
87.95.81.37,Web,"Oct 17, 2022, 3:43:43 PM"
87.95.191.189,Web,"Oct 19, 2022, 5:15:16 PM"
176.93.153.85,Web,"Oct 20, 2022, 12:52:44 AM"
87.95.191.189,Web,"Oct 21, 2022, 6:50:38 PM"
87.95.191.189,Web,"Oct 22, 2022, 7:33:34 PM"
87.95.191.189,Web,"Oct 25, 2022, 5:53:41 PM"
87.95.191.189,Web,"Oct 26, 2022, 7:57:50 PM"
87.95.191.189,Web,"Oct 28, 2022, 6:02:43 PM"
87.95.191.189,Web,"Oct 30, 2022, 1:37:13 AM"
87.95.191.189,Web,"Nov 1, 2022, 2:37:59 PM"
87.95.191.189,Web,"Nov 2, 2022, 6:34:37 PM"
87.95.191.189,Web,"Nov 4, 2022, 8:46:24 AM"
87.95.191.189,Web,"Nov 5, 2022, 12:32:19 PM"
87.95.191.189,Web,"Nov 9, 2022, 11:15:27 AM"
87.95.191.189,Web,"Nov 12, 2022, 11:41:09 AM"
87.95.212.219,Web,"Nov 19, 2022, 7:21:38 PM"
87.95.212.219,Web,"Nov 25, 2022, 7:03:00 PM"
87.95.212.219,Web,"Nov 27, 2022, 8:58:42 AM"
87.95.212.219,Web,"Nov 27, 2022, 11:20:19 PM"
87.95.212.219,Web,"Nov 28, 2022, 5:16:50 PM"
87.95.212.219,Web,"Nov 28, 2022, 7:48:55 PM"
87.95.212.219,Web,"Nov 29, 2022, 6:01:13 PM"
87.95.212.219,Web,"Dec 1, 2022, 7:29:52 PM"
87.95.212.219,Web,"Dec 2, 2022, 7:07:51 PM"
87.95.212.219,Web,"Dec 4, 2022, 5:41:41 PM"
87.95.212.219,Web,"Dec 6, 2022, 1:39:50 AM"
